{
  "results": {
    "baseline": {
      "gate": {
        "hist_ms_mean": 37.75266666666666,
        "hist_ms_std": 0.5460918726124145,
        "iter_ms_mean": 51.43333333333334,
        "iter_ms_std": 0.4932882862316236,
        "n_seeds": 3
      },
      "higgs": {
        "hist_ms_mean": 405.94933333333336,
        "hist_ms_std": 3.4929011342053853,
        "iter_ms_mean": 455.3666666666667,
        "iter_ms_std": 4.055038018728484,
        "n_seeds": 3
      },
      "epsilon": {
        "hist_ms_mean": 2057.612,
        "hist_ms_std": 75.99051190115769,
        "iter_ms_mean": 2097.633333333333,
        "iter_ms_std": 75.08863651267971,
        "n_seeds": 3
      }
    },
    "probe_b": {
      "gate": {
        "hist_ms_mean": 4.265000000000001,
        "hist_ms_std": 0.5531301835915304,
        "iter_ms_mean": 19.433333333333334,
        "iter_ms_std": 0.8962886439832506,
        "n_seeds": 3
      },
      "higgs": {
        "hist_ms_mean": 28.027,
        "hist_ms_std": 0.3830626580600092,
        "iter_ms_mean": 70.2,
        "iter_ms_std": 0.9539392014169451,
        "n_seeds": 3
      },
      "epsilon": {
        "hist_ms_mean": 174.01166666666666,
        "hist_ms_std": 1.8176166629224404,
        "iter_ms_mean": 214.16666666666666,
        "iter_ms_std": 2.9091808698211397,
        "n_seeds": 3
      }
    },
    "probe_d": {
      "gate": {
        "hist_ms_mean": 38.484,
        "hist_ms_std": 0.4082805408049745,
        "iter_ms_mean": 52.166666666666664,
        "iter_ms_std": 0.5131601439446879,
        "n_seeds": 3
      },
      "higgs": {
        "hist_ms_mean": 393.1803333333333,
        "hist_ms_std": 8.238196182012997,
        "iter_ms_mean": 435.3,
        "iter_ms_std": 6.702238432046433,
        "n_seeds": 3
      },
      "epsilon": {
        "hist_ms_mean": 2044.4856666666667,
        "hist_ms_std": 4.252125860476573,
        "iter_ms_mean": 2085.266666666667,
        "iter_ms_std": 4.400378771575535,
        "n_seeds": 3
      }
    }
  },
  "speedups": {
    "probe_b": {
      "gate": {
        "iter": 2.646655231560892,
        "hist": 8.851738960531456
      },
      "higgs": {
        "iter": 6.48670465337132,
        "hist": 14.484223546342218
      },
      "epsilon": {
        "iter": 9.794396887159532,
        "hist": 11.824563487122512
      }
    },
    "probe_d": {
      "gate": {
        "iter": 0.9859424920127797,
        "hist": 0.9809964314173855
      },
      "higgs": {
        "iter": 1.0460984761467187,
        "hist": 1.032476192010282
      },
      "epsilon": {
        "iter": 1.0059304964992486,
        "hist": 1.0064203596764436
      }
    }
  }
}