depth,cpu_border,nearest_mlx_border,delta
0,0.10254748165607452,0.10254748,1.6560745275118194e-09
2,-1.0465140342712402,-1.046514,3.427124029009576e-08
3,0.9340542554855347,0.93405426,4.514465357097208e-09
