seed,mlx_rmse,cpu_rmse,ratio,drift_pct,wall_secs,pass
42,0.240706,0.1859992137480563,1.2941237500393217,29.41237500393218,2.240115375025198,False
43,0.236085,0.18680429569685034,1.2638092669085264,26.380926690852625,2.229178583016619,False
44,0.238996,0.18867654273543533,1.2666969435364483,26.669694353644825,2.208504250040278,False
45,0.241127,0.18713517936248164,1.2885177486213641,28.851774862136416,2.1891882501076907,False
46,0.242142,0.18774096344749197,1.2897664715975696,28.976647159756958,2.2241919580847025,False
