seed,mlx_rmse,cpu_rmse,ratio,drift_pct,wall_secs,pass
0,0.131512,0.09163246062345552,1.4352119227750646,43.52119227750645,9.933695790823549,False
1,0.12796,0.08936490527275694,1.4318820079251944,43.18820079251944,9.944088333053514,False
2,0.131903,0.091218442818497,1.4460124063119075,44.601240631190755,9.940850791987032,False
