{
  "table": [
    [
      500,
      18.70274068889316
    ],
    [
      1000,
      13.929240362340689
    ],
    [
      2000,
      8.592723548804733
    ],
    [
      5000,
      5.09340608273426
    ],
    [
      10000,
      3.0522004889887855
    ],
    [
      20000,
      1.9369112281512018
    ],
    [
      50000,
      1.2332010998711171
    ]
  ],
  "crossing": {
    "n_cross": 19230.987110117214,
    "from": [
      10000,
      3.0522004889887855
    ],
    "to": [
      20000,
      1.9369112281512018
    ]
  },
  "threshold_pct": 2.0
}